<?xml version="1.0" encoding="UTF-8"?>
<odoo>
    <data noupdate="1">
        <record id="hr_timesheet.group_hr_timesheet_approver" model="res.groups">
            <field name="name">Team Approver</field>
            <field name="category_id" ref="base.module_category_operations_timesheets"/>
            <field name="implied_ids" eval="[(4, ref('hr_timesheet.group_hr_timesheet_user'))]"/>
        </record>

        <record id="hr_timesheet_rule_approver_update" model="ir.rule">
            <field name="name">Timesheets: approver: write on employee's timesheet in his team</field>
            <field name="model_id" ref="analytic.model_account_analytic_line"/>
            <field name="domain_force">['&amp;', ('project_id', '!=', False), '|', ('user_id', '=', user.id), ('employee_id.timesheet_manager_id', '=', user.id)]</field>
            <field name="perm_read" eval="0"/>
            <field name="perm_write" eval="1"/>
            <field name="perm_create" eval="1"/>
            <field name="perm_unlink" eval="1"/>
            <field name="groups" eval="[(4, ref('hr_timesheet.group_hr_timesheet_approver'))]"/>
        </record>
    </data>

    <data noupdate="0">
        <!-- Update existing rule : Employee can not modify validated timesheets -->
        <record id="hr_timesheet.timesheet_line_rule_user" model="ir.rule">
            <field name="name">account.analytic.line.timesheet.user</field>
            <field name="model_id" ref="analytic.model_account_analytic_line"/>
            <field name="domain_force">[('user_id', '=', user.id), ('project_id', '!=', False), ('validated', '=', False)]</field>
        </record>
    </data>
</odoo>
