<templates id="template" xml:space="preserve">

  <!-- LAYOUT TEMPLATES -->

  <!-- 1. Main dashboard -->
  <t t-name="project_timesheet_synchro.demo">
    <div class="o_form_view">
        <div class="o_form_sheet_bg o_project_timesheet_app_bg">
          <div class="row o_form_sheet">
            <div class="col-lg-6 mt16">
                <div class="o_project_timesheet_app text-center d-none d-md-block">

                </div>
                <div class="text-center d-block d-md-none">
                    <p>You can try the app in a new tab:</p>
                    <a role="button" class="btn btn-xl btn-primary" target="_blank" href="/project_timesheet_synchro/timesheet_app">Open the App</a>
                </div>
            </div>
            <div class="o_project_timesheet_app_links col-lg-6">
                <div class="flex-container">
                    <h1>Your personal timesheets</h1>
                    <h3 class="text-muted">Use timesheet apps to manage your timesheets.</h3>
                    <div class="text-center mt32 mb32">
                        <a target="_blank" href="http://www.odoo.com/page/timesheet?platform=android"><img src="project_timesheet_synchro/static/src/img/play_store.png" class="mb8" alt="Google Play Store"/></a>
                        <a target="_blank" href="http://www.odoo.com/page/timesheet?platform=chrome"><img src="project_timesheet_synchro/static/src/img/chrome_store.png" class="mb8" alt="Google Chrome Store"/></a>
                        <a target="_blank" href="http://www.odoo.com/page/timesheet?platform=ios"><img src="project_timesheet_synchro/static/src/img/app_store.png" class="mb8" alt="Apple App Store"/></a>
                    </div>
                    <ul class="list-unstyled fa-ul">
                        <li>
                            <h2><i class="fa fa-bolt fa-li"></i> Blazing Fast</h2>
                            <p>Work in disconnected mode and sync in the background.</p>
                        </li>
                        <li>
                            <h2><i class="fa fa-bar-chart fa-li"></i> Statistics</h2>
                            <p>Never lose track of what you need to do.</p>
                        </li>
                        <li>
                            <h2><i class="fa fa-plug fa-li"></i> Offline support</h2>
                            <p>Work anywhere, anytime.</p>
                        </li>
                        <li>
                            <h2><i class="fa fa-check-square-o fa-li"></i> Get Things Done</h2>
                            <p>Plan your day. Focus on important tasks.</p>
                        </li>
                    </ul>

                    <div class="text-center">
                        <div class="mb8 mt8">
                            <a target="_blank" href="http://www.odoo.com/page/timesheet"><button class="btn btn-primary mb16">More info</button></a>
                        </div>
                    </div>
                    <h3 class="text-center text-muted">Available for iPhone, Android and Chrome.</h3>
                </div>
            </div>
          </div>
      </div>

    </div>
  </t>
</templates>
