<?xml version="1.0" encoding="UTF-8"?>
<templates id="template" xml:space="preserve">

<t t-name="StatusbarButtons">
    <div class="o_statusbar_buttons">
        <div class="btn-group">
            <a role="button" class="btn btn-primary dropdown-toggle" href="#"
                data-toggle="dropdown" aria-expanded="false">Action</a>
            <div class="dropdown-menu" role="menu"/>
        </div>
    </div>
</t>

<t t-name="FieldStatus.content.mobile">
    <button type="button" class="btn btn-primary dropdown-toggle" data-toggle="dropdown">
        <t t-if="status" t-esc="status.display_name"/>
    </button>
    <div class="dropdown-menu" role="menu">
        <t t-foreach="selection" t-as="i">
            <t t-call="FieldStatus.content.button">
                <t t-set="is_dropdown" t-value="true"/>
            </t>
        </t>
    </div>
</t>

<t t-name="BurgerMenu">
    <div class="o_burger_menu o_in_home_menu">
        <div class="o_burger_menu_topbar">
            <span class="dropdown-toggle">
                <img class="rounded-circle o_burger_menu_avatar" t-att-src="'/web/image?model=res.users&amp;field=image_128&amp;id=' + session.uid" alt="Menu"/>
                <span class="o_burger_menu_username"><t t-esc="session.name"/></span>
            </span>
            <span class="fa fa-close o_burger_menu_close float-right" role="img" aria-label="Close menu" title="Close menu"/>
        </div>
        <div class="o_burger_menu_content o_burger_menu_dark">
            <div class="o_burger_menu_user">
                <div t-if="session.user_companies and session.display_switch_company_menu" class="o_burger_menu_companies">
                    <div class="o_burger_menu_user_title">COMPANIES</div>
                </div>
            </div>
            <div class="o_burger_menu_app"/>
        </div>
    </div>
</t>

<div t-name="MobileCompanySwitcher" t-foreach="widget.user_companies" t-as="company">
    <t t-set="id" t-value="company[0]"/>
    <t t-set="displayName" t-value="company[1]"/>
    <t t-set="isCompanySelected" t-value="widget.allowed_company_ids.includes(id)"/>
    <t t-set="checkIcon" t-value="isCompanySelected ? 'fa-check-square' : 'fa-square-o'"/>
    <t t-set="textMuted" t-value="isCompanySelected ?  '' : 'text-muted'"/>
    <t t-set="backgroundColor" t-value="widget.current_company === id ? 'lightgrey' : ''"/>
    <div class="d-flex py-0 px-0" t-att-data-company-id="id">
        <div class="ml-auto pl-3 pr-3 border border-top-0 border-left-0 border-bottom-0 toggle_company o_py">
            <span style="height: 2rem;">
                <i t-attf-class="fa fa-fw #{checkIcon} pt-2"></i>
            </span>
        </div>
        <div class="d-flex flex-grow-1 align-items-center py-2 log_into pl-3 o_py" t-attf-style="background-color: #{backgroundColor};">
            <span t-esc="displayName" t-attf-class='mr-3 company_label #{textMuted}'/>
        </div>
    </div>
</div>

<t t-name="Menu.sections.mobile">
    <t t-set="mobile" t-value="true"/>
    <t t-set="inNavbar" t-value="true"/>
    <t t-foreach="menu_data.children" t-as="primary_menu">
        <section t-att-class="primary_menu.id">
            <t t-if="primary_menu.children.length">
                <t t-foreach="primary_menu.children" t-as="submenu">
                    <t t-set="menu" t-value="submenu"/>
                    <t t-call="Menu.link"/>
                </t>
            </t>
        </section>
    </t>
</t>

<t t-name="SearchPanel.SummaryMobile">
    <t t-set="emptySelection" t-value="!categories.length &amp; !filters.length"/>
    <summary>
        <div class="d-flex align-items-center h-100">
            <i class="o_search_panel_mobile_close fa fa-fw fa-arrow-left"/>
            <i class="o_search_panel_mobile_collapsed_only fa fa-fw fa-filter"/>
            <span class="o_search_panel_mobile_title ml-3">Filters</span>
            <div class="o_search_panel_current_selection o_search_panel_mobile_collapsed_only text-truncate ml-2 mr-auto">
                <t t-if="emptySelection">All</t>
                <t t-if="!emptySelection">
                    <span t-foreach="categories" t-as="category" class="o_search_panel_category mr-1">
                        <i t-if="category.icon" t-attf-class="o_search_panel_section_icon fa #{category.icon}" t-attf-style="#{category.color ? ('color: ' + category.color) : undefined}"/>
                        <t t-esc="category.values.join('/')"/>
                    </span>
                    <span t-foreach="filters" t-as="filter" class="o_search_panel_filter mr-1">
                        <i t-if="filter.icon" t-attf-class="o_search_panel_section_icon fa #{filter.icon}" t-attf-style="#{filter.color ? ('color: ' + filter.color) : undefined}"/>
                        <t t-esc="filter.values.join(', ')"/>
                    </span>
                </t>
            </div>
        </div>
    </summary>
    <button class="o_search_panel_mobile_bottom_close btn btn-primary w-100 fixed-bottom">See result</button>
</t>

<t t-name="SnackBar" >
    <div class="o_snackbar">
        <p class="o_snackbar_message">
            <t t-esc="widget.message"/>
        </p>
        <button type="button" class="o_snackbar_button">
            <t t-esc="widget.actionText"/>
        </button>
    </div>
</t>

</templates>
