<?xml version="1.0" encoding="utf-8"?>
<odoo>
        <record id="base.user_demo" model="res.users">
            <field name="groups_id" eval="[(4, ref('hr_payroll.group_hr_payroll_user'))]"/>
        </record>

        <!-- Structure Type -->
        <record id="structure_type_employee" model="hr.payroll.structure.type">
            <field name="name">Employee</field>
            <field name="country_id" eval="False"/>
        </record>

        <record id="structure_type_worker" model="hr.payroll.structure.type">
            <field name="name">Worker</field>
            <field name="country_id" eval="False"/>
            <field name="wage_type">hourly</field>
        </record>

        <!-- Contribution Register -->
        <record id="hr_houserent_register" model="res.partner">
            <field name="name">House Rent Allowance Register</field>
        </record>

        <record id="hr_provident_fund_register" model="res.partner">
            <field name="name">Provident Fund Register</field>
        </record>

        <record id="hr_professional_tax_register" model="res.partner">
            <field name="name">Professional Tax Register</field>
        </record>

        <record id="hr_meal_voucher_register" model="res.partner">
            <field name="name">Meal Voucher Register</field>
        </record>

        <!-- Salary Structure -->
        <record id="structure_002" model="hr.payroll.structure">
            <field name="name">Regular Pay</field>
            <field name="type_id" ref="structure_type_employee"/>
            <field name="regular_pay" eval="True"/>
            <field name="unpaid_work_entry_type_ids" eval="[(4, ref('hr_payroll.work_entry_type_unpaid_leave'))]"/>
            <field name="country_id" eval="False"/>
        </record>

        <record id="structure_worker_001" model="hr.payroll.structure">
            <field name="name">Worker Pay</field>
            <field name="type_id" ref="structure_type_worker"/>
            <field name="regular_pay" eval="True"/>
            <field name="country_id" eval="False"/>
        </record>

        <!-- Salary Rules for Worker Pay-->

        <record id="hr_salary_rule_worker_basic" model="hr.salary.rule">
            <field name="amount_select">percentage</field>
            <field name="amount_percentage_base">contract.hourly_wage</field>
            <field name="quantity">worked_days.WORK100 and worked_days.WORK100.number_of_hours</field>
            <field name="amount_percentage">100.0</field>
            <field name="code">BASIC</field>
            <field name="category_id" ref="hr_payroll.BASIC"/>
            <field name="partner_id" ref="hr_houserent_register"/>
            <field name="name">Basic</field>
            <field name="sequence" eval="1"/>
            <field name="struct_id" ref="structure_worker_001"/>
        </record>

        <!-- Salary Rules for Regular Pay-->

        <record id="structure_003" model="hr.payroll.structure">
            <field name="name">13th month - End of the year bonus</field>
            <field name="type_id" ref="structure_type_employee"/>
            <field name="regular_pay" eval="True"/>
            <field name="rule_ids" eval="[]"/>
        </record>

        <record id="hr_salary_rule_houserentallowance1" model="hr.salary.rule">
            <field name="amount_select">percentage</field>
            <field eval="40.0" name="amount_percentage"/>
            <field name="amount_percentage_base">contract.wage</field>
            <field name="code">HRA</field>
            <field name="category_id" ref="hr_payroll.ALW"/>
            <field name="partner_id" ref="hr_houserent_register"/>
            <field name="name">House Rent Allowance</field>
            <field name="sequence" eval="5"/>
            <field name="struct_id" ref="structure_002"/>
        </record>

        <record id="hr_salary_rule_convanceallowance1" model="hr.salary.rule">
            <field name="amount_select">fix</field>
            <field eval="800.0" name="amount_fix"/>
            <field name="code">CA</field>
            <field name="category_id" ref="hr_payroll.ALW"/>
            <field name="name">Conveyance Allowance</field>
            <field name="sequence" eval="10"/>
            <field name="struct_id" ref="structure_002"/>
        </record>

        <record id="hr_salary_rule_ca_gravie" model="hr.salary.rule">
            <field name="amount_select">fix</field>
            <field name="amount_fix" eval="600.0"/>
            <field name="code">CAGG</field>
            <field name="category_id" ref="hr_payroll.ALW"/>
            <field name="name">Conveyance Allowance For Gravie</field>
            <field name="sequence" eval="15"/>
            <field name="struct_id" ref="structure_002"/>
        </record>

        <record id="hr_salary_rule_sum_alw_category" model="hr.salary.rule">
            <field name="amount_select">code</field>
            <field name="code">SUMALW</field>
            <field name="category_id" ref="hr_payroll.ALW"/>
            <field name="name">Sum of Allowance category</field>
            <field name="sequence" eval="99"/>
            <field name="amount_python_compute">result = payslip.sum_category('ALW', payslip.date_from, to_date=payslip.date_to)</field>
            <field name="struct_id" ref="structure_002"/>
         </record>

        <record id="hr_salary_rule_meal_voucher" model="hr.salary.rule">
            <field name="amount_select">fix</field>
            <field eval="10" name="amount_fix"/>
            <field name="quantity">worked_days.WORK100 and worked_days.WORK100.number_of_days</field>
            <field name="code">MA</field>
            <field name="category_id" ref="hr_payroll.ALW"/>
            <field name="partner_id" ref="hr_meal_voucher_register"/>
            <field name="name">Meal Voucher</field>
            <field name="sequence" eval="16"/>
            <field name="struct_id" ref="structure_002"/>
         </record>

        <record id="hr_salary_rule_providentfund1" model="hr.salary.rule">
            <field name="amount_select">percentage</field>
            <field name="sequence" eval="120"/>
            <field name="amount_percentage" eval="-12.5"/>
            <field name="amount_percentage_base">contract.wage</field>
            <field name="code">PF</field>
            <field name="category_id" ref="hr_payroll.DED"/>
            <field name="partner_id" ref="hr_provident_fund_register"/>
            <field name="name">Provident Fund</field>
            <field name="struct_id" ref="structure_002"/>
        </record>

        <record id="hr_salary_rule_professionaltax1" model="hr.salary.rule">
            <field name="amount_select">fix</field>
            <field name="sequence" eval="150"/>
            <field name="amount_fix" eval="-200.0"/>
            <field name="code">PT</field>
            <field name="category_id" ref="hr_payroll.DED"/>
            <field name="partner_id" ref="hr_professional_tax_register"/>
            <field name="name">Professional Tax</field>
            <field name="struct_id" ref="structure_002"/>
        </record>

        <record id="hr_salary_rule_13th_month_salary" model="hr.salary.rule">
            <field name="amount_select">percentage</field>
            <field name="amount_percentage" eval="10.0"/>
            <field name="amount_percentage_base">contract.wage</field>
            <field name="code">13th pay</field>
            <field name="category_id" ref="hr_payroll.ALW"/>
            <field name="name">13th pay salary</field>
            <field name="sequence" eval="5"/>
            <field name="struct_id" ref="structure_003"/>
        </record>

        <!-- Employee -->

        <record id="hr_employee_payroll" model="hr.employee">
            <field name="company_id" ref="base.main_company"/>
            <field eval="1" name="active"/>
            <field name="name">Roger Scott</field>
            <field name="work_location">Building 1, Second Floor</field>
            <field name="work_phone">+3282823500</field>
            <field name="image_1920" type="base64" file="hr_payroll/static/img/hr_employee_payroll-image.jpg"/>
        </record>

        <!-- Employee Contract -->

        <record id="hr_contract_firstcontract1" model="hr.contract">
            <field name="name">Marketing Executive Contract</field>
            <field name="date_start" eval="time.strftime('%Y-%m')+'-1'"/>
            <field name="date_end" eval="time.strftime('%Y')+'-12-31'"/>
            <field name="structure_type_id" ref="hr_payroll.structure_type_employee"/>
            <field name="employee_id" ref="hr_employee_payroll"/>
            <field name="notes">Default contract for marketing executives</field>
            <field eval="4000.0" name="wage"/>
            <field name="state">open</field>
        </record>

        <record id="hr_contract_gilles_gravie" model="hr.contract">
            <field name="name">Contract For Marc Demo</field>
            <field name="date_start" eval="time.strftime('%Y-%m')+'-1'"/>
            <field name="date_end" eval="time.strftime('%Y')+'-12-31'"/>
            <field name="structure_type_id" ref="hr_payroll.structure_type_employee"/>
            <field name="employee_id" ref="hr.employee_qdp"/>
            <field name="notes">This is Marc Demo's contract</field>
            <field eval="5000.0" name="wage"/>
        </record>

        <record id="hr_contract_admin" model="hr.contract">
            <field name="name">Contract For Mitchell Admin</field>
            <field name="date_start" eval="time.strftime('%Y-%m')+'-1'"/>
            <field name="date_end" eval="time.strftime('%Y')+'-12-31'"/>
            <field name="structure_type_id" ref="hr_payroll.structure_type_employee"/>
            <field name="employee_id" ref="hr.employee_admin"/>
            <field name="notes">This is Mitchell Admin's contract</field>
            <field eval="5500.0" name="wage"/>
            <field name="state">open</field>
        </record>

        <record id="hr_contract.hr_contract_admin" model="hr.contract">
            <field name="structure_type_id" ref="hr_payroll.structure_type_employee"/>
        </record>

        <record id="hr_contract.hr_contract_al" model="hr.contract">
            <field name="structure_type_id" ref="hr_payroll.structure_type_employee"/>
        </record>

        <record id="hr_contract.hr_contract_mit" model="hr.contract">
            <field name="structure_type_id" ref="hr_payroll.structure_type_employee"/>
        </record>

        <record id="hr_contract.hr_contract_stw" model="hr.contract">
            <field name="structure_type_id" ref="hr_payroll.structure_type_employee"/>
        </record>

        <record id="hr_contract.hr_contract_qdp" model="hr.contract">
            <field name="structure_type_id" ref="hr_payroll.structure_type_employee"/>
        </record>

        <record id="hr_contract.hr_contract_han" model="hr.contract">
            <field name="structure_type_id" ref="hr_payroll.structure_type_employee"/>
        </record>

        <record id="hr_contract.hr_contract_niv" model="hr.contract">
            <field name="structure_type_id" ref="hr_payroll.structure_type_employee"/>
        </record>

        <record id="hr_contract.hr_contract_jth" model="hr.contract">
            <field name="structure_type_id" ref="hr_payroll.structure_type_employee"/>
        </record>

        <record id="hr_contract.hr_contract_chs" model="hr.contract">
            <field name="structure_type_id" ref="hr_payroll.structure_type_employee"/>
        </record>

        <record id="hr_contract.hr_contract_jve" model="hr.contract">
            <field name="structure_type_id" ref="hr_payroll.structure_type_employee"/>
        </record>

        <record id="hr_contract.hr_contract_fme" model="hr.contract">
            <field name="structure_type_id" ref="hr_payroll.structure_type_employee"/>
        </record>

        <record id="hr_contract.hr_contract_fpi" model="hr.contract">
            <field name="structure_type_id" ref="hr_payroll.structure_type_employee"/>
        </record>

        <record id="hr_contract.hr_contract_vad" model="hr.contract">
            <field name="structure_type_id" ref="hr_payroll.structure_type_employee"/>
        </record>

        <!-- Work entries -->
        <record id="work_entry_type_extra_hours" model="hr.work.entry.type">
            <field name="name">Extra Hours</field>
            <field name="code">WORK300</field>
            <field name="color">8</field>
        </record>

        <record id="work_entry_type_long_leave" model="hr.work.entry.type">
            <field name="name">Long Term Time Off</field>
            <field name="code">LEAVE200</field>
            <field name="is_leave">True</field>
            <field name="color">4</field>
            <field name="round_days">FULL</field>
            <field name="round_days_type">DOWN</field>
        </record>

        <!-- add work_entry type to leave type -->
        <record id="hr_holidays.holiday_status_unpaid" model="hr.leave.type">
            <field name="work_entry_type_id" ref="work_entry_type_unpaid_leave"></field>
        </record>

        <record id="hr_holidays.holiday_status_comp" model="hr.leave.type">
            <field name="work_entry_type_id" ref="work_entry_type_leave"></field>
        </record>

        <function model="hr.employee" name="generate_work_entries">
            <value model="hr.employee" eval="obj().search([]).ids"/>
            <value eval="(DateTime.today() + relativedelta(day=1, months=-1))"/>
            <value eval="(DateTime.today() + relativedelta(day=31))"/>
        </function>

</odoo>
