<?xml version="1.0" encoding="utf-8"?>
<odoo>
    <data noupdate="0">

        <record id="resource.resource_calendar_std" model="resource.calendar">
            <field name="full_time_required_hours">40</field>
        </record>

        <record id="resource.resource_calendar_std_35h" model="resource.calendar">
            <field name="full_time_required_hours">35</field>
        </record>

        <record id="resource.resource_calendar_std_38h" model="resource.calendar">
            <field name="full_time_required_hours">38</field>
        </record>

        <record id="BASIC" model="hr.salary.rule.category">
            <field name="name">Basic</field>
            <field name="code">BASIC</field>
        </record>

        <record id="ALW" model="hr.salary.rule.category">
            <field name="name">Allowance</field>
            <field name="code">ALW</field>
        </record>

        <record id="GROSS" model="hr.salary.rule.category">
            <field name="name">Gross</field>
            <field name="code">GROSS</field>
        </record>

        <record id="DED" model="hr.salary.rule.category">
            <field name="name">Deduction</field>
            <field name="code">DED</field>
        </record>

        <record id="NET" model="hr.salary.rule.category">
            <field name="name">Net</field>
            <field name="code">NET</field>
        </record>

        <record id="COMP" model="hr.salary.rule.category">
            <field name="name">Company Contribution</field>
            <field name="code">COMP</field>
        </record>

        <!-- Decimal Precision -->
        <record forcecreate="True" id="decimal_payroll" model="decimal.precision">
            <field name="name">Payroll</field>
            <field name="digits">2</field>
        </record>

        <record forcecreate="True" id="decimal_payroll_rate" model="decimal.precision">
            <field name="name">Payroll Rate</field>
            <field name="digits">4</field>
        </record>

        <!-- Work Entry Type -->
         <record id="work_entry_type_leave" model="hr.work.entry.type">
            <field name="name">Generic Time Off</field>
            <field name="code">LEAVE100</field>
            <field name="color">3</field>
            <field name="is_leave">True</field>
            <field name="round_days">HALF</field>
            <field name="round_days_type">DOWN</field>
        </record>

        <record id="work_entry_type_compensatory" model="hr.work.entry.type">
            <field name="name">Compensatory Time Off</field>
            <field name="code">LEAVE105</field>
            <field name="color">3</field>
            <field name="is_leave">True</field>
            <field name="round_days">HALF</field>
            <field name="round_days_type">DOWN</field>
        </record>
        <record id="hr_holidays.holiday_status_comp" model="hr.leave.type">
            <field name="work_entry_type_id" ref="work_entry_type_compensatory"></field>
        </record>

        <record id="work_entry_type_home_working" model="hr.work.entry.type">
            <field name="name">Home Working</field>
            <field name="code">WORK110</field>
            <field name="color">2</field>
            <field name="is_leave">True</field>
            <field name="round_days">HALF</field>
            <field name="round_days_type">DOWN</field>
        </record>

        <record id="work_entry_type_unpaid_leave" model="hr.work.entry.type">
            <field name="name">Unpaid</field>
            <field name="color">5</field>
            <field name="code">LEAVE90</field>
            <field name="is_leave">True</field>
            <field name="round_days">HALF</field>
            <field name="round_days_type">DOWN</field>
        </record>
        <record id="hr_holidays.holiday_status_unpaid" model="hr.leave.type">
            <field name="work_entry_type_id" ref="work_entry_type_unpaid_leave"></field>
        </record>

        <record id="work_entry_type_sick_leave" model="hr.work.entry.type">
            <field name="name">Sick Time Off</field>
            <field name="code">LEAVE110</field>
            <field name="is_leave">True</field>
            <field name="color">5</field>
            <field name="round_days">HALF</field>
            <field name="round_days_type">DOWN</field>
        </record>
        <record id="hr_holidays.holiday_status_sl" model="hr.leave.type">
            <field name="work_entry_type_id" ref="work_entry_type_sick_leave"></field>
        </record>

         <record id="work_entry_type_legal_leave" model="hr.work.entry.type">
            <field name="name"  eval="'Legal Leaves '+time.strftime('%Y')"/>
            <field name="code">LEAVE120</field>
            <field name="is_leave">True</field>
            <field name="color">5</field>
            <field name="round_days">HALF</field>
            <field name="round_days_type">DOWN</field>
        </record>
        <record id="hr_holidays.holiday_status_cl" model="hr.leave.type">
            <field name="work_entry_type_id" ref="work_entry_type_legal_leave"></field>
        </record>

        <record id="hr_work_entry.work_entry_type_attendance" model="hr.work.entry.type">
            <field name="is_leave">False</field>
        </record>

    </data>
</odoo>
