<?xml version="1.0" encoding="utf-8"?>
<odoo>
<data noupdate="1">

    <record model="ir.module.category" id="base.module_category_human_resources_payroll">
        <field name="description">Helps you manage your payrolls.</field>
        <field name="sequence">16</field>
    </record>

    <record id="group_hr_payroll_user" model="res.groups">
        <field name="name">Officer</field>
        <field name="category_id" ref="base.module_category_human_resources_payroll"/>
        <field name="implied_ids" eval="[(4, ref('hr.group_hr_user')), (4, ref('hr_contract.group_hr_contract_manager')), (4, ref('hr_holidays.group_hr_holidays_user'))]"/>
    </record>

    <record id="group_hr_payroll_manager" model="res.groups">
        <field name="name">Administrator</field>
        <field name="category_id" ref="base.module_category_human_resources_payroll"/>
        <field name="implied_ids" eval="[(4, ref('hr_payroll.group_hr_payroll_user')), (4, ref('hr_holidays.group_hr_holidays_manager'))]"/>
        <field name="users" eval="[(4, ref('base.user_root')), (4, ref('base.user_admin'))]"/>
    </record>

    <record id="base.default_user" model="res.users">
        <field name="groups_id" eval="[(4,ref('hr_payroll.group_hr_payroll_manager'))]"/>
    </record>

    <record id="hr_payroll_rule_officer" model="ir.rule">
        <field name="name">Officer and subordinates Payslip</field>
        <field name="model_id" ref="model_hr_payslip"/>
        <field name="domain_force">['|','|', ('employee_id.user_id', '=', user.id), ('employee_id.department_id', '=', False), ('employee_id.department_id.manager_id.user_id', '=', user.id)]</field>
        <field name="groups" eval="[(4, ref('hr_payroll.group_hr_payroll_user'))]"/>
    </record>

    <record id="hr_payslip_rule_manager" model="ir.rule">
        <field name="name">All Payslip</field>
        <field name="model_id" ref="model_hr_payslip"/>
        <field name="domain_force">[(1,'=',1)]</field>
        <field name="groups" eval="[(4, ref('hr_payroll.group_hr_payroll_manager'))]"/>
    </record>

    <record id="hr_work_entry_validated" model="ir.rule">
        <field name="name">hr.work.entry: only non validated work_entries updated</field>
        <field name="model_id" ref="model_hr_work_entry"/>
        <field name="domain_force">[('state', '!=', 'validated')]</field>
        <field name="groups" eval="[(4, ref('hr_payroll.group_hr_payroll_manager'))]"/>
        <field name="perm_create" eval="0"/>
        <field name="perm_write" eval="1"/>
        <field name="perm_unlink" eval="0"/>
        <field name="perm_read" eval="0"/>
    </record>

    <record id="ir_rule_hr_payroll_structure_multi_company" model="ir.rule">
        <field name="name">HR Payroll Structure: Multi Company</field>
        <field name="model_id" ref="model_hr_payroll_structure"/>
        <field name="global" eval="True"/>
        <field name="domain_force">['|', ('country_id', '=', False), ('country_id', 'in', user.env.companies.mapped('country_id').ids)]</field>
    </record>

    <record id="ir_rule_hr_payroll_structure_type_multi_company" model="ir.rule">
        <field name="name">HR Payroll Structure Type: Multi Company</field>
        <field name="model_id" ref="model_hr_payroll_structure_type"/>
        <field name="global" eval="True"/>
        <field name="domain_force">['|', ('country_id', '=', False), ('country_id', 'in', user.env.companies.mapped('country_id').ids)]</field>
    </record>

    <record id="ir_rule_hr_payslip_input_type_multi_company" model="ir.rule">
        <field name="name">HR Payslip Input Type: Multi Company</field>
        <field name="model_id" ref="model_hr_payslip_input_type"/>
        <field name="global" eval="True"/>
        <field name="domain_force">['|', ('country_id', '=', False), ('country_id', 'in', user.env.companies.mapped('country_id').ids)]</field>
    </record>

    <record id="ir_rule_hr_payroll_paramater_multi_company" model="ir.rule">
        <field name="name">HR Rule Parameter: Multi Company</field>
        <field name="model_id" ref="model_hr_rule_parameter"/>
        <field name="global" eval="True"/>
        <field name="domain_force">['|', ('country_id', '=', False), ('country_id', 'in', user.env.companies.mapped('country_id').ids)]</field>
    </record>

    <record id="ir_rule_hr_payroll_paramater_value_multi_company" model="ir.rule">
        <field name="name">HR Rule Parameter Value: Multi Company</field>
        <field name="model_id" ref="model_hr_rule_parameter_value"/>
        <field name="global" eval="True"/>
        <field name="domain_force">['|', ('country_id', '=', False), ('country_id', 'in', user.env.companies.mapped('country_id').ids)]</field>
    </record>

    <record id="ir_rule_hr_payslip_multi_company" model="ir.rule">
        <field name="name">HR Payslip: Multi Company</field>
        <field name="model_id" ref="model_hr_payslip"/>
        <field name="global" eval="True"/>
        <field name="domain_force">['|', ('company_id', '=', False), ('company_id', 'in', company_ids)]</field>
    </record>

    <record id="ir_rule_hr_payslip_line_multi_company" model="ir.rule">
        <field name="name">HR Payslip Line: Multi Company</field>
        <field name="model_id" ref="model_hr_payslip_line"/>
        <field name="global" eval="True"/>
        <field name="domain_force">['|', ('company_id', '=', False), ('company_id', 'in', company_ids)]</field>
    </record>

    <record id="ir_rule_hr_payslip_run_multi_company" model="ir.rule">
        <field name="name">HR Payslip Batch: Multi Company</field>
        <field name="model_id" ref="model_hr_payslip_run"/>
        <field name="global" eval="True"/>
        <field name="domain_force">['|', ('company_id', '=', False), ('company_id', 'in', company_ids)]</field>
    </record>

    <record id="ir_rule_hr_work_entry_multi_company" model="ir.rule">
        <field name="name">HR Payslip: Multi Company</field>
        <field name="model_id" ref="model_hr_work_entry"/>
        <field name="global" eval="True"/>
        <field name="domain_force">['|', ('company_id', '=', False), ('company_id', 'in', company_ids)]</field>
    </record>

</data>
</odoo>
