<?xml version="1.0" encoding="utf-8"?>
<odoo>


    <data>
    <record model="ir.module.category" id="module_category_hr_extra_attendances">
        <field name="name">Extra Attendance Accesses</field>
        <field name="sequence">14</field>
    </record>

    <record id="group_hr_attendance_add_expect" model="res.groups">
        <field name="name">Access to Additional Expected Time</field>
        <field name="category_id" ref="module_category_hr_extra_attendances"/>
    </record>
        <record id="hr_attendance.group_hr_attendance_manager" model="res.groups">
        <field name="implied_ids" eval="[(4, ref('syscoon_hr_attendance.group_hr_attendance_add_expect'))]"/>
    </record>

<record id="hr_attendance.group_hr_attendance" model="res.groups">
        <field name="name">Manual Attendance</field>
        <field name="category_id" ref="base.module_category_human_resources_attendances"/>
        <field name="comment">The user will gain access to the human resources attendance menu, enabling him to manage his own attendance.</field>
    </record>

        <record id="hr_missed_attendance_rule_employee_company" model="ir.rule">
            <field name="name">Employee multi company rule</field>
            <field name="model_id" ref="model_hr_missed_attendance"/>
            <field name="global" eval="True"/>
            <field name="domain_force">['|',('employee_id.company_id','=',False),('employee_id.company_id', 'in', company_ids)]</field>
        </record>


    </data>
</odoo>
