<?xml version="1.0" encoding='UTF-8'?>
<odoo>
	<record model="ir.cron" id="activate_leave_entry_cron">
        <field name="name">Activate Attendance entry from Leave</field>
        <field name="model_id" ref="hr_attendance.model_hr_attendance"/>
        <field name="state">code</field>
        <field name="code">model._cron_activate_leave_entry()</field>
        <field name="interval_number">1</field>
        <field name="interval_type">days</field>
        <field name="numbercall">-1</field>
        <field name="doall" eval="False"/>
    </record>
        <record model="ir.cron" id="generate_missed_attendance_cron">
        <field name="name">Generate Missed Attendance entry</field>
        <field name="model_id" ref="model_hr_missed_attendance"/>
        <field name="state">code</field>
        <field name="code">model._cron_generate_entry()</field>
        <field name="interval_number">1</field>
        <field name="interval_type">days</field>
        <field name="numbercall">-1</field>
        <field name="doall" eval="False"/>
    </record>
</odoo>
