<?xml version="1.0" encoding="UTF-8"?>
<templates>

    <t t-name="mail_enterprise.AttachmentPreview">
      <t t-if="widget.activeAttachment">
        <t t-set="activeAttachment" t-value="widget.activeAttachment"/>
        <t t-if="activeAttachment.type != 'pdf'">
            <h3 class="mt0 mb8 pl-2 text-muted pull-right"> <t t-esc="activeAttachment.filename"/> </h3>
        </t>
        <div t-if="activeAttachment.type == 'image'" class="o_attachment_preview_img">
            <img id="attachment_img" class="img img-fluid d-block" t-attf-src="/web/image/#{activeAttachment.id}?unique=1"/>
        </div>
        <iframe t-if="activeAttachment.type == 'pdf'" class="mb48" t-attf-src="/web/static/lib/pdfjs/web/viewer.html?file=/web/content/#{activeAttachment.id}"/>
        <t t-if="widget.attachments.length !== 1">
            <a class="arrow o_move_previous text-center" href="#">
                <span class="fa fa-chevron-left"/>
            </a>
            <a class="arrow o_move_next text-center" href="#">
                <span class="fa fa-chevron-right"/>
            </a>
        </t>
      </t>
    </t>

</templates>
