id,name,model_id:id,group_id:id,perm_read,perm_write,perm_create,perm_unlink
access_mrp_product_forecast,access_mrp_product_forecast,model_mrp_product_forecast,mrp.group_mrp_user,0,0,0,0
access_mrp_product_forecast_manager,access_mrp_product_forecast_manager,model_mrp_product_forecast,mrp.group_mrp_manager,1,1,1,1
access_mrp_production_schedule,access_mrp_production_schedule,model_mrp_production_schedule,mrp.group_mrp_user,0,0,0,0
access_mrp_production_schedule_manager,access_mrp_production_schedule_manager,model_mrp_production_schedule,mrp.group_mrp_manager,1,1,1,1
