<?xml version="1.0" encoding="utf-8"?>
<odoo>
    <data>

        <!-- Structure Type -->
        <record id="structure_type_monthly" model="hr.payroll.structure.type">
            <field name="name">Montaslohn</field>
            <field name="country_id" eval="False"/>
            <field name="wage_type">monthly</field>
        </record>

        <!-- Salary Structure -->
        <record id="gio_structure_monthly" model="hr.payroll.structure">
            <field name="name">Lohnabrechnung</field>
            <!--
            <field eval="[(6, 0, [ref('gio_basic_ch'), ref('gio_gross_ch'),ref('gio_net_ch')])]" name="rule_ids"/>
            -->
            <field name="type_id" ref="structure_type_monthly"/>
        </record>

         <!--<record id="gio_structure_hourly" model="hr.payroll.structure">-->
            <!--<field name="name">Stundenlohn</field>-->
            <!--
            <field eval="[(6, 0, [ref('gio_basic_ch'), ref('gio_anteil_13_monatslohn'), ref('gio_bonus'), ref('gio_kinder_und_ausbildungszulagen'), ref('gio_privatanteil_geschaeftsauto'), ref('gio_bahnticket'), ref('gio_gross_ch'), ref('gio_ahv_iv_eo'), ref('gio_alv'), ref('gio_bvg'), ref('gio_uvg'), ref('gio_ktg'), ref('gio_quellensteuer'), ref('gio_grenzgaengersteuer'), ref('gio_repraesentationskosten'), ref('gio_betreibungsamt'), ref('gio_net_ch'), ref('gio_verwaltungskosten'), ref('gio_vorschuss'), ref('gio_familienausgleichskasse')])]" name="rule_ids"/>
            -->
             <!--<field name="type_id" ref="structure_type_monthly"/>-->
        <!--</record>-->

    </data>
</odoo>