<?xml version="1.0" encoding="UTF-8"?>
<templates id="template" xml:space="preserve">
    <t t-name="app">
        <div class="pt_app">
        </div>
    </t>
    <t t-name="drawer_menu">
        <div class="pt_drawer_menu_wrapper">
            <div class="pt_drawer_menu">
                <div class="pt_drawer_picture">
                    <div class="pt_sync_link pt_username">
                        <t t-if="widget.session &amp;&amp; widget.session.username">
                            <t t-esc="widget.getParent().session.username"/>
                        </t>
                    </div>
                </div>
            <!--Menu Items-->
                <div class="pt_drawer_links">
                    <ul class="list-unstyled pt_links_list">
                        <li class="pt_menu_item" data-menu-id="activities" data-options='{"show_today":"true"}'>
                            <a href='#'><span class="fa fa-edit menu_icon"/><span class="menu_text">Today</span></a>
                        </li>
                        <li class="pt_menu_item" data-menu-id="activities" data-options='{"show_week":"true"}'>
                            <a href='#'><span class="fa fa-tasks menu_icon"></span><span class="menu_text">This Week</span></a>
                        </li>
                        <hr/>
                        <li class="pt_menu_item" data-menu-id="day_plan">
                            <a href='#'><span class="fa fa-calendar-o menu_icon"/><span class="menu_text">Today's Plan</span></a>
                        </li>
                        <li class="pt_menu_item" data-menu-id="stats">
                            <a href='#'><span class="fa fa-bar-chart menu_icon"/><span class="menu_text">Statistics</span></a>
                        </li>
                        <hr/>
                        <li class="pt_menu_item" data-menu-id="sync">
                            <a href='#'><span class="fa fa-cloud-download menu_icon"/><span class="menu_text">Synchronize</span></a>
                        </li>
                        <li class="pt_menu_item" data-menu-id="settings">
                            <a href='#'><span class="fa fa-cog menu_icon"/><span class="menu_text">Settings</span></a>
                        </li>
                    </ul>
                </div>
            </div>
            <div class="pt_drawer_menu_shade"/>
        </div>
    </t>
    <t t-name="header">
        <div class="pt_nav shadow-z-1">
            <div t-att-class="'pt_toggle ' + _toggle_action">
                <a href="#" t-att-class="'fa fa-' + _toggle_icon " aria-label="Toggle action" title="Toggle action"></a>
            </div><div class="pt_title">
                <a href="#"><t t-esc="_title"/></a>
            </div><div class="pt_nav_sync">
                <a t-att-class="widget.getParent().sync_in_progress ? 'fa fa-spin fa-refresh pt_sync_in_progress' : 'fa fa-spin fa-refresh'" title="Sync in progress" aria-label="Sync in progress"/>
            </div><div t-att-class="'pt_action ' + _action">
                <a t-att-class="'fa fa-' + _action_icon" href="#" aria-label="Action" title="Action"></a>
            </div>
        </div>
    </t>
    <t t-name="activities_screen">
        <div class="pt_screen">
            <!--Header variables init-->
            <t t-set="_toggle_action" t-value="'pt_burger_menu_open'"/>
            <t t-set="_toggle_icon" t-value="'bars'"/>
            <t t-if="widget.show_today">
                <t t-set="_title" t-value="'Today (' + widget.unit_amount_to_hours_minutes(widget.get_total_time()) + ')'"/>
            </t>
            <t t-if="widget.show_week">
                <t t-set="_title" t-value="'This Week (' + widget.unit_amount_to_hours_minutes(widget.get_total_time()) + ')'"/>
            </t>
            <t t-set="_action" t-value="'pt_button_plus_activity'"/>
            <t t-set="_action_icon" t-value="'plus'"/>

            <t t-call="header">
            </t>
            <t t-set="widget.aal_flag" t-value="false"/>

            <div class="pt_activities_screen pt_content">
                <div class="pt_activities_list_div">
                    <table class="table table-sm table-striped pt_activities_list">
                        <t t-if="widget.getParent().data.account_analytic_lines.length > 0">
                            <t t-foreach="widget.activities_list" t-as="aal">
                                <t t-set="widget.aal_flag" t-value="true"/>
                                <tr t-att-class="(aal.sync_problem) ? 'pt_sync_problem' : ''">
                                    <td t-att-class="(aal.sheet_state === 'closed') ?  '' :  'pt_activity'" t-att-data-activity_id="aal.id">
                                        <span class="pt_project"><strong><t t-esc="widget.get_project_name(aal.project_id)"/></strong></span>
                                        <br/>
                                        <t t-if="aal.task_id">
                                            <span class="pt_task">
                                                <t t-esc="widget.get_task_name(aal.task_id)"/>
                                            </span>
                                        </t>
                                        <span t-if="!aal.task_id" class="pt_no_task">
                                            No task
                                        </span>
                                    </td>
                                    <t t-if="!(aal.sheet_state === 'closed')">
                                        <td class="pt_plus_or_minus pt_quick_subtract_time" t-att-data-activity_id="aal.id">
                                            <span class="fa fa-minus" role="img" aria-label="Subtract" title="Subtract"/>
                                        </td>
                                        <t t-set="flag_is_current_activity" t-value="widget.current_activity &amp;&amp; widget.current_activity.id == aal.id"/>
                                        <td t-att-class="flag_is_current_activity ? 'pt_duration pt_btn_interrupt_activity' : 'pt_duration'" t-att-data-activity_id="aal.id">
                                            <div class="pt_duration_time">
                                                <t t-if="flag_is_current_activity">
                                                    <i class="fa fa-play" role="img" aria-label="Current activity" title="Current activity"/>
                                                </t>
                                                <t t-if="!flag_is_current_activity">
                                                    <t t-if="aal.unit_amount">
                                                        <t t-esc="widget.unit_amount_to_hours_minutes(aal.unit_amount)"/>
                                                    </t>
                                                    <t t-if="!aal.unit_amount">
                                                        00:00
                                                    </t>
                                                </t>
                                            </div>
                                            <button class="pt_continue_activity_btn d-none">
                                                <span class="fa fa-play" role="img" aria-label="Run" title="Run"></span>
                                            </button>
                                        </td>
                                        <td class="pt_plus_or_minus pt_quick_add_time" t-att-data-activity_id="aal.id">
                                            <span class="fa fa-plus" role="img" aria-label="Add" title="Add"/>
                                        </td>
                                    </t>
                                    <!-- If the aal is on a timesheet in closed state, we display it but don't allow actions on it-->
                                    <t t-if="aal.sheet_state === 'closed'">
                                        <td class="col-1"></td>
                                        <td class="col-2 pt_lock">
                                            <t t-if="aal.unit_amount">
                                                <t t-esc="widget.unit_amount_to_hours_minutes(aal.unit_amount)"/>
                                            </t>
                                            <t t-if="!aal.unit_amount">
                                                00:00
                                            </t>
                                        </td>
                                        <td class="col-1 pt_lock">
                                            <div class="row">
                                                <span class="fa fa-lock" role="img" aria-label="Locked" title="Locked"/>
                                            </div>
                                        </td>
                                    </t>
                                </tr>
                            </t>
                        </t>
                        <!--TODO : add styling-->
                        <div t-if="!widget.aal_flag" class="pt_empty_activities_screen">
                            <span class="fa fa-smile-o" style="font-size:4em;" aria-label="Motivation Text" title="Motivation Text" role="img"/>
                            <div class="pt_motivation_text"><t t-esc="widget.motivation_text"/></div>
                        </div>
                    </table>
                </div>
                <div role="dialog" class="modal pt_deletion_from_list_modal" aria-hidden="true">
                    <div class="modal-dialog modal-sm">
                        <div class="modal-content">
                            <main class="modal-body">
                                Would you like to delete this activity?
                            </main>
                            <footer class="modal-footer">
                                <button type="button" class="btn btn-secondary" data-dismiss="modal">Cancel</button>
                                <button type="button" class="btn btn-primary pt_delete_activity" data-dismiss="modal">Delete</button>
                            </footer>
                        </div>
                    </div>
                </div>
            </div>
            <div class="pt_footer container-fluid">
                <div class="row">
                    <div class="col-6">
                        <!--Start button / stop button-->
                        <t t-if="(!widget.current_activity) &amp;&amp; (!widget.timer_on)">
                            <a href="#" role="button" class="btn btn-primary pt_btn_start_timer">
                                <span class="fa fa-play"/>&amp;emsp;Start
                            </a>
                        </t>
                        <t t-if="!widget.current_activity &amp;&amp; widget.timer_on">
                            <a href="#" role="button" class="btn btn-primary pt_btn_stop_timer">
                                <span class="fa fa-stop"/>&amp;emsp;Stop
                            </a>
                        </t>
                        <t t-if="widget.current_activity &amp;&amp; widget.timer_on">
                            <a href="#" role="button" class="btn btn-primary pt_btn_interrupt_activity">
                                <span class="fa fa-stop"/>&amp;emsp;Stop
                            </a>
                        </t>
                    </div>
                    <div class="col-6">
                        <div t-att-class="!widget.current_activity ? 'row pt_timer_clock no_activity' : 'row pt_timer_clock'">
                            <span class="pt_timer_clock_hh_mm"></span><span class="pt_timer_clock_ss"></span>
                        </div>
                        <div class="row pt_current_activity">
                            <!--Current activity-->
                            <t t-if="widget.current_activity">
                                <t t-set="widget.aal_flag" t-value="true"/>
                                <strong><t t-esc="widget.get_project_name(widget.current_activity.project_id)"/></strong><br/>
                            </t>
                        </div>
                    </div>
                </div>
            </div>
        </div>
    </t>

    <t t-name="day_planner_screen">
        <div class="pt_screen">
            <t t-set="_toggle_action" t-value="'pt_burger_menu_open'"/>
            <t t-set="_toggle_icon" t-value="'bars'"/>
            <t t-set="_title" t-value="'Today\'s Plan'"/>
            <t t-call="header"></t>
            <div class="pt_day_planner_screen pt_content">
                <t t-if="widget.day_plan_list.length > 0">
                    <table class="table pt_day_plan_table table-striped">
                        <t t-foreach="widget.day_plan_list" t-as="list_item">
                            <t t-if="widget.get_project_name(list_item[0])">
                                <tr class="pt_day_plan_add" t-att-data-project_id="list_item[0]" t-att-data-task_id="list_item[1]">
                                    <td>
                                        <span class="pt_project"><strong> <t t-esc="widget.get_project_name(list_item[0])"/></strong></span>
                                        <br/>
                                        <span t-if="list_item[1]" class="pt_task"><t t-esc="widget.get_task_name(list_item[1])"/></span>
                                        <span t-if="!list_item[1]" class="pt_no_task"><t t-esc="widget.get_task_name(list_item[1])"/></span>
                                    </td>
                                </tr>
                            </t>
                        </t>
                    </table>
                </t>
                <t t-if="widget.day_plan_list.length === 0">
                    <div class="pt_empty_day_planner_screen">
                        Once you have created or synchronized projects and tasks, they will appear here. This will allow you to plan your day in advance.
                    </div>
                </t>
            </div>
            <div class="pt_footer container-fluid">
                <div class="row">
                    <div class="col-6">
                        <a href="#" role="button" class="btn btn-primary pt_today_link">Today</a>
                    </div>
                    <div class="col-6">
                        <div class="pt_day_plan_message">Activity created</div>
                    </div>
                </div>
            </div>
        </div>
    </t>
    <t t-name="settings_screen">
        <div class="pt_screen">
            <t t-set="_toggle_action" t-value="'pt_burger_menu_open'"/>
            <t t-set="_toggle_icon" t-value="'bars'"/>
            <t t-set="_title" t-value="'Settings'"/>
            <t t-call="header"/>
            <div class="pt_settings_screen pt_content">
                <div class="pt_settings_alert alert alert-danger" role="alert">Please enter a valid duration</div>
                <form class="pt_form container">
                    <div class="form-group">
                        <label for="pt_default_project">Default project</label>
                        <input type="hidden" name="pt_default_project" class="pt_default_project_select2"/>
                    </div>
                    <div class="form-group pt_duration_fg">
                        <label for="pt_minimal_duration">Minimal duration</label>
                        <div class="input-group">
                            <input type="text" name="pt_minimal_duration" class="pt_minimal_duration form-control" aria-describedby="minutes" t-att-value="widget.getParent().data.settings.minimal_duration * 60"></input>
                            <div class="input-group-append">
                                <span class="input-group-text" id="minutes">minutes</span>
                            </div>
                        </div>
                    </div>
                    <div class="form-group pt_time_unit_fg">
                        <label for="pt_time_unit">Time unit</label>
                        <div class="input-group">
                            <input type="text" class="pt_time_unit form-control" aria-describedby="minutes" t-att-value="widget.getParent().data.settings.time_unit * 60"></input>
                            <div class="input-group-append">
                                <span class="input-group-text" id="minutes">minutes</span>
                            </div>
                        </div>
                        <p><small>Multiple to round up all durations</small></p>
                    </div>
                </form>
            </div>
        </div>
    </t>
    <t t-name="stats_screen">
        <div class="pt_screen">
            <t t-set="_toggle_action" t-value="'pt_burger_menu_open'"/>
            <t t-set="_toggle_icon" t-value="'bars'"/>
            <t t-set="_title" t-value="'Statistics'"/>
            <t t-call="header"/>
            <div class="pt_content pt_no_footer">
                <div class="container">
                    <div class="row pt_stats_row">
                        <t t-if="(moment(new Date()).startOf('week').diff(widget.start_of_week, 'weeks') &lt;= 2)">
                            <div class="col-3 pt_prev_week"><a href="#" class="fa fa-arrow-left" aria-label="Previous week" title="Previous week"/></div>
                        </t>
                        <t t-if="(moment(new Date()).startOf('week').diff(widget.start_of_week, 'weeks') &gt; 2)">
                            <div class="col-3"><a class="fa fa-arrow-left pt_muted" aria-label="Previous week unavailable" title="Previous week unavailable"/></div>
                        </t>
                        <div class="pt_stats_title col-6">
                            <t t-esc="moment(widget.start_of_week).startOf('week').format('DD-MM') +  ' to ' + moment(widget.start_of_week).endOf('week').format('DD-MM')"/>
                            <br/>
                            Week <t t-esc="moment(widget.start_of_week).format('w')"/>
                        </div>

                        <t t-if="!(moment(new Date()).startOf('week').format('MM-DD-YYYY') == widget.start_of_week.format('MM-DD-YYYY'))">
                            <div class="col-3 pt_next_week"><a href="#" class="fa fa-arrow-right" aria-label="Next week" title="Next week"/></div>
                        </t>
                        <t t-if="(moment(new Date()).startOf('week').format('MM-DD-YYYY') == widget.start_of_week.format('MM-DD-YYYY'))">
                            <div class="col-3"><a class="fa fa-arrow-right pt_muted" aria-label="Next week unavailable" title="Next week unavailable"/></div>
                        </t>
                    </div>
                </div>
                <div class="o_canvas_container">
                    <canvas class="pt_stats_canvas"/>
                </div>
                 <table class="table table-sm bordered table-striped">
                    <t t-foreach="widget.projects_stats" t-as="project">
                        <tr>
                            <td>
                                <t t-esc="project.name"/>
                            </td>
                            <td class="text-right">
                                <t t-esc="widget.unit_amount_to_hours_minutes(project.total_time)"/>
                            </td>
                        </tr>
                    </t>
                    <tr>
                        <td>
                            Total :
                        </td>
                        <td class="text-right">
                            <span class="pt_total_time"></span>
                        </td>
                    </tr>
                </table>
            </div>
        </div>
    </t>
    <t t-name="edit_activity_screen">
        <div class="pt_screen">
            <t t-set="_toggle_action" t-value="'pt_discard_changes'"/>
            <t t-set="_toggle_icon" t-value="'arrow-left'"/>
            <t t-set="_title" t-value="'Edit Activity'"/>
            <t t-call="header"/>
            <div class="pt_content">
                <div class="alert alert-danger pt_edit_alert" role="alert">
                    Please select a project.
                </div>
                <div class="pt_activity_date">
                    <t t-esc="moment(widget.activity.date).format('dddd, MMMM D')"/>
                </div>
                <form class="container-fluid pt_form">
                    <div class="form-group">
                        <label for="pt_activity_project">Project</label>
                        <!--select2 project selection-->
                        <input type="hidden" name="pt_activity_project" class="pt_activity_project"/>
                    </div>
                    <div class="form-group">
                        <label for="pt_activity_task">Task</label>
                        <t t-if="widget.activity.project_id">
                            <input type="hidden" name="pt_activity_task" class="pt_activity_task"/>
                        </t>
                        <t t-if="!widget.activity.project_id">
                            <p><small>Please select a project first</small></p>
                        </t>
                    </div>
                    <div class="form-group">
                        <t t-if="(widget.isMobile)">
                            <label for="">Time spent (hhmm)</label>
                            <div class="row">
                                <t t-if="widget.activity.unit_amount">
                                    <div class="col-2 pt_duration_col_hh">
                                        <input type="number" class="pt_activity_duration_hh form-control" t-att-value="widget.unit_amount_to_hours_minutes(widget.activity.unit_amount).split(':')[0]"></input>
                                    </div>
                                    <div class="col-2 pt_duration_col_mm">
                                        <input type="number" class="pt_activity_duration_mm form-control" t-att-value="widget.unit_amount_to_hours_minutes(widget.activity.unit_amount).split(':')[1]"></input>
                                    </div>
                                </t>
                                <t t-if="!widget.activity.unit_amount">
                                    <div class="col-2 pt_duration_col_hh">
                                        <input type="number" class="pt_activity_duration_hh form-control" placeholder="00"></input>
                                    </div>
                                    <div class="col-2 pt_duration_col_mm">
                                        <input type="number" class="pt_activity_duration_mm form-control" placeholder="00"></input>
                                    </div>
                                </t>
                            </div>
                             <!--Empty p for notification in case of wrong input -->
                            <p class="pt_duration_input_msg"></p>
                        </t>
                        <t t-if="!(widget.isMobile)">
                            <label for="">Time spent (hh:mm)</label>
                            <t t-if="widget.activity.unit_amount">
                                <input type="text" class="pt_activity_duration form-control" t-att-value="widget.unit_amount_to_hours_minutes(widget.activity.unit_amount)"></input>
                            </t>
                            <t t-if="!widget.activity.unit_amount">
                                <input type="text" class="pt_activity_duration form-control" placeholder="00:00"></input>
                            </t>
                            <!--Empty p for notification in case of wrong input -->
                            <p class="pt_duration_input_msg"></p>
                        </t>
                    </div>
                    <div class="form-group">
                        <label for="pt_description">Work Summary</label>
                        <t t-if="widget.activity.desc">
                            <textarea class="pt_description form-control" name="pt_description"><t t-esc="widget.activity.desc"/></textarea>
                        </t>
                        <t t-if="!widget.activity.desc">
                            <textarea class="pt_description form-control" name="pt_description"></textarea>
                        </t>
                    </div>
                </form>
            </div>
            <div class="pt_footer">
                <a href="#" role="button" class="btn btn-md btn-primary pt_validate_edit_btn">Save</a>
                <a href="#" role="button" class="btn btn-md pt_discard_changes">Discard</a>
                <a role="button" class="fa fa-trash pt_trash btn float-right" data-toggle="modal" data-target=".pt_deletion_modal" href="#" aria-label="Discard" title="Discard"></a>
            </div>
            <!-- Modal to confirm deletion of an activity -->
            <div role="dialog" class="modal pt_deletion_modal" aria-hidden="true">
                <div class="modal-dialog modal-sm">
                    <div class="modal-content">
                        <main class="modal-body">
                            Are you sure that you want to delete this activity?
                        </main>
                        <footer class="modal-footer">
                            <button type="button" class="btn btn-secondary" data-dismiss="modal">Cancel</button>
                            <button type="button" class="btn btn-primary pt_delete_activity" data-dismiss="modal">Delete</button>
                        </footer>
                    </div>
                </div>
            </div>
        </div>
    </t>
    <t t-name="sync_screen">
        <div class="pt_screen">
            <t t-set="_toggle_action" t-value="'pt_burger_menu_open'"/>
            <t t-set="_toggle_icon" t-value="'bars'"/>
            <t t-set="_title" t-value="'Synchronize'"/>
            <t t-call="header"></t>
            <div class="pt_content">
                <div class="pt_sync_screen container">
                    <!-- User is logged-->
                    <t t-if="widget.session &amp;&amp; widget.session.uid">
                        <p> Logged in as <t t-esc="widget.session.username"/></p>
                        <p> On server <t t-esc="widget.session.origin"/></p>
                        <a href="#" role="button" class="btn btn-primary pt_send_logout">Logout</a>
                        <t t-if="widget.getParent().syncable">
                            <a href="#" role="button" class="btn btn-primary pt_sync_btn">Sync Now</a>
                            <p class="pt_last_sync">
                                <span class="text-muted">
                                    Last sync :  <t t-esc="moment(widget.sync_time).fromNow()"/>
                                </span>
                                <span t-if="widget.getParent().sync_fail" class="ml4 text-danger">
                                    (Last sync was unsuccessful)
                                </span>
                            </p>
                        </t>
                        <t t-if="!widget.getParent().syncable">
                            <p class="pt_last_sync">
                                <span class="text-muted">
                                    The server you connected to does not support timesheet synchronization. You should contact your administrator in order to install the module ''Synchronization with the external timesheet application'' (available in Odoo Enterprise Edition).
                                </span>
                            </p>
                        </t>
                    </t>
                    <!-- User is not logged-->
                    <t t-if="!widget.session || !widget.session.uid">
                        <p>Connect Timesheets to Odoo to synchronize your activities across all devices.</p>
                        <p>Use Odoo to organize projects and tasks, forecast resources and invoice time spent on tasks</p>
                        <br/>
                        <div>
                            <a href="#" role="button" class="btn btn-primary pt_premise_login_link">Sign In</a>
                            <a href="#" role="button" class="btn btn-primary pt_create_account_link">Sign Up</a>
                        </div>
                    </t>
                </div>
                <div role="dialog" class="modal pt_reset_modal" aria-hidden="true">
                    <div class="modal-dialog modal-sm">
                        <div class="modal-content">
                            <main class="modal-body">
                                Are you sure that you want to reset the app?
                            </main>
                            <footer class="modal-footer">
                                <button type="button" class="btn btn-secondary" data-dismiss="modal">Cancel</button>
                                <button type="button" class="btn btn-primary pt_reset_app" data-dismiss="modal">RESET</button>
                            </footer>
                        </div>
                    </div>
                </div>
                <div role="dialog" class="modal pt_keep_guest_data" aria-hidden="true">
                    <div class="modal-dialog modal-sm">
                        <div class="modal-content">
                            <main class="modal-body">
                                Would you like the activities, projects and tasks that you created as a guest user to be synchronized as well?<br/> Note that this will create new projects and tasks on your Odoo instance
                            </main>
                            <footer class="modal-footer">
                                <button type="button" class="btn btn-secondary pt_discard_data" data-dismiss="modal">Discard data</button>
                                <button type="button" class="btn btn-primary pt_keep_data" data-dismiss="modal">Keep data</button>
                            </footer>
                        </div>
                    </div>
                </div>
            </div>
            <div t-if="!widget.session || !widget.session.uid" class="pt_footer pt_sync_footer container-fluid">
                <a href="#" class="pt_odoo_login_link float-left">Use an Odoo.com account</a>
                <a class="pt_reset float-right" href="#" data-toggle="modal" data-target=".pt_reset_modal">Reset</a>
            </div>
        </div>
    </t>
    <t t-name="odoo_saas_login">
        <form>
            <p>Login with Odoo</p>
            <div class="form-group">
                <label for="pt_odoo_login">Login</label>
                <input class="pt_odoo_login form-control" name="pt_odoo_login" autocapitalize="off"></input>
            </div>
            <div class="form-group">
                <label for="pt_odoo_password">Password</label>
                <input type="password" class="pt_odoo_password form-control" name="pt_odoo_password"></input>
            </div>
            <a href="#" role="button" class="btn btn-primary pt_send_odoo_login">Login</a>
        </form>
    </t>
    <t t-name="premise_login_url_screen">
        <form>
            <p>Login to an on premise Odoo instance</p>
            <div class="form-group">
                <strong><br/>Your Odoo Server Address <br/></strong>
                <select class="pt_premise_protocol form-control">
                    <option value="http://">http://</option>
                    <option t-if="widget.use_https" value="https://" t-att-selected="true">https://</option>
                    <option t-if="!widget.use_https" value="https://">https://</option>
                </select>
                <input type="text" class="pt_premise_url form-control" autocapitalize="off" t-att-value="widget.url || ''"></input>
            </div>
            <t t-if="!!widget.show_db_field">
                <div class="form-group">
                    <strong><br/>Please enter a database name:<br/></strong>
                    <input type="text" class="pt_premise_db form-control" value="" autocapitalize="off"></input>
                </div>
            </t>
            <a href="#" role="button" class="btn btn-primary pt_validate_url">Next</a>
        </form>
    </t>
    <t t-name="premise_login_form_screen">
        <form>
            <p>Login to an on premise Odoo instance</p>
            <div class="form-group">
                <label for="pt_premise_db">Database</label>
                <select class="pt_premise_db form-control" value="hr-ts" name="pt_premise_db">
                    <t t-foreach="widget.getParent().db_list" t-as="db">
                        <option t-att-value="db"><t t-esc="db"/></option>
                    </t>
                </select>
            </div>
            <!---->
            <div class="form-group">
                <label for="pt_premise_login">Login</label>
                <input class="pt_premise_login form-control" placeholder="ex: admin@example.com" name="pt_premise_login" autocapitalize="off"></input>
            </div>
            <div class="form-group">
                <label for="pt_premise_password">Password</label>
                <input type="password" class="pt_premise_password form-control" placeholder="******" name="pt_premise_password"></input>
                <a href="#" class="show_password fa fa-eye float-right" aria-label="Show password" title="Show password"/>
            </div>
            <a href="#" role="button" class="btn btn-primary pt_send_premise_login">Login</a>
        </form>
    </t>
    <t t-name="account_creation">
        <t t-if="widget.show_iframe &amp;&amp; widget.odoo_is_online">
            <iframe src="https://www.odoo.com/trial?form_light=true&amp;selected_app=project_timesheet_synchro" class="pt_signup"/>
        </t>
        <t t-if="!widget.odoo_is_online">
            <p>Either you or the Odoo server is offline at the moment. Make sure you do have a connection or try again later.</p>
        </t>
        <t t-if="widget.show_success_message">
            <p>Your database and account have been created !</p>
            <p>You should have received an email with a link to activate your account. Once it is activated, you'll be able to <a href="#" class="pt_sign_in_link">sign in</a>.</p>
        </t>
    </t>
    <t t-name="db_selector">
        <div>
            Select your Odoo instance from the list below :
            <t t-foreach="_.keys(widget.instances)" t-as="instance">
                <a href="#" role="button" class="btn btn-primary pt_db_select" t-att-data-url="instance"><t t-esc="instance"/></a>
            </t>
        </div>
    </t>
    <t t-name="successful_login_screen">
        <div>
            <h3>You are logged in !</h3>
            <p> Syncing data, this shouldn't take long</p>
            <div class="pt_sync_animation"></div>
        </div>
    </t>
</templates>
