<?xml version="1.0" encoding="utf-8"?>
<odoo>
    <data noupdate="1">
        <record id="hr_payroll_PAG" model="hr.salary.rule.category">
            <field name="name">Privatanteil Geschäftsauto</field>
            <field name="code">PAG</field>
        </record>
        <record id="hr_payroll_FALW" model="hr.salary.rule.category">
            <field name="name">Freie Zuwendung</field>
            <field name="code">FALW</field>
        </record>
        <record id="hr_payroll_COSTS" model="hr.salary.rule.category">
            <field name="name">Reiner Arbeitgeberanteil</field>
            <field name="code">COSTS</field>
        </record>
        <record id="hr_payroll_NBR" model="hr.salary.rule.category">
            <field name="name">Nachberechnung</field>
            <field name="code">NBR</field>
        </record>
    </data>
</odoo>
