<?xml version="1.0" encoding="utf-8"?>
<odoo>
    <data noupdate="1">
    <record id="gio_basic_ch" model="hr.salary.rule">
        <field name="amount_select">fix</field>
        <field name="appears_on_payslip">True</field>
        <field name="code">1000</field>
        <field name="condition_select">none</field>
        <field name="name">Monatslohn</field>
        <field name="sequence" eval="1"/>
        <field name="amount_select">code</field>
        <field name="amount_python_compute">
if contract.gio_wage_type == 'hourly':
    result = contract.gio_wage_hourly*payslip.gio_worked_hours
else:
    result = contract.gio_wage_monthly
        </field>
        <field name="category_id" ref="hr_payroll.BASIC"/>
        <field name="struct_id" ref="gio_structure_monthly"/>
    </record>
    <record id="gio_anteil_13_monatslohn" model="hr.salary.rule">
        <field name="amount_select">fix</field>
        <field name="appears_on_payslip">True</field>
        <field name="code">ML13</field>
        <field name="condition_select">python</field>
        <field name="condition_python">result = contract.gio_ml_dreizehn > 0</field>
        <field name="name">Anteil 13. Monatslohn</field>
        <field name="sequence" eval="15"/>
        <field name="amount_select">code</field>
        <field name="amount_python_compute">
result = contract.gio_ml_dreizehn
        </field>
        <field name="category_id" ref="hr_payroll.ALW"/>
        <field name="struct_id" ref="gio_structure_monthly"/>
    </record>
    <record id="gio_bonus" model="hr.salary.rule">
        <field name="amount_select">fix</field>
        <field name="appears_on_payslip">True</field>
        <field name="code">5000B</field>
        <field name="condition_select">python</field>
        <field name="condition_python">result = contract.gio_bonus > 0</field>
        <field name="name">Bonus</field>
        <field name="sequence" eval="20"/>
        <field name="amount_select">code</field>
        <field name="amount_python_compute">
result = contract.gio_bonus
        </field>
        <field name="category_id" ref="hr_payroll.ALW"/>
        <field name="struct_id" ref="gio_structure_monthly"/>
    </record>
    <record id="gio_grundschule_bis_sekundarschule" model="hr.salary.rule">
        <field name="amount_select">fix</field>
        <field name="appears_on_payslip">True</field>
        <field name="code">2176A</field>
        <field name="condition_select">python</field>
        <field name="condition_python">result = contract.employee_id.children > 0</field>
        <field name="name">Kinderzulage</field>
        <field name="sequence" eval="51"/>
        <field name="amount_select">code</field>
        <field name="amount_python_compute">
result = contract.employee_id.children * contract.gio_name.gio_child_allowances
        </field>
        <field name="category_id" ref="hr_payroll_FALW"/>
        <field name="struct_id" ref="gio_structure_monthly"/>
    </record>
    <record id="gio_auzu_studium" model="hr.salary.rule">
        <field name="amount_select">fix</field>
        <field name="appears_on_payslip">True</field>
        <field name="code">2176B</field>
        <field name="condition_select">python</field>
        <field name="condition_python">result = contract.employee_id.gio_children_training > 0</field>
        <field name="name">Ausbildungszulage</field>
        <field name="sequence" eval="52"/>
        <field name="amount_select">code</field>
        <field name="amount_python_compute">
result = contract.employee_id.gio_children_training * contract.gio_name.gio_training_allowances
        </field>
        <field name="category_id" ref="hr_payroll_FALW"/>
        <field name="struct_id" ref="gio_structure_monthly"/>
    </record>
    <record id="gio_privatanteil_geschaeftsfahrzeug" model="hr.salary.rule">
        <field name="amount_select">fix</field>
        <field name="appears_on_payslip">True</field>
        <field name="code">PAG</field>
        <field name="condition_select">python</field>
        <field name="condition_python">result = contract.gio_private_share_vehicle > 0</field>
        <field name="name">Privatanteil Geschäftsfahrzeug</field>
        <field name="sequence" eval="56"/>
        <field name="amount_select">code</field>
        <field name="amount_python_compute">
result = contract.gio_private_share_vehicle
        </field>
        <field name="category_id" ref="hr_payroll_PAG"/>
        <field name="struct_id" ref="gio_structure_monthly"/>
    </record>
    <record id="gio_abzug_privatanteil_geschaeftsfahrzeug" model="hr.salary.rule">
        <field name="amount_select">fix</field>
        <field name="appears_on_payslip">True</field>
        <field name="code">APG</field>
        <field name="condition_select">python</field>
        <field name="condition_python">result = contract.gio_private_share_vehicle > 0</field>
        <field name="name">Abzug Privatanteil Geschäftsfahrzeug</field>
        <field name="sequence" eval="170"/>
        <field name="amount_select">code</field>
        <field name="amount_python_compute">
result = -contract.gio_private_share_vehicle
        </field>
        <field name="category_id" ref="hr_payroll.DED"/>
        <field name="struct_id" ref="gio_structure_monthly"/>
    </record>
    <record id="gio_bahnticket" model="hr.salary.rule">
        <field name="amount_select">fix</field>
        <field name="appears_on_payslip">True</field>
        <field name="code">BT</field>
        <field name="condition_select">python</field>
        <field name="condition_python">result = contract.gio_travel_charges > 0</field>
        <field name="name">Reisespesen</field>
        <field name="sequence" eval="99"/>
        <field name="amount_select">code</field>
        <field name="amount_python_compute">
result = contract.gio_travel_charges
        </field>
        <field name="category_id" ref="hr_payroll.ALW"/>
        <field name="struct_id" ref="gio_structure_monthly"/>
    </record>
    <record id="gio_gross_ch" model="hr.salary.rule">
        <field name="amount_select">fix</field>
        <field name="appears_on_payslip">True</field>
        <field name="code">5000</field>
        <field name="condition_select">none</field>
        <field name="name">Bruttolohn</field>
        <field name="sequence" eval="100"/>
        <field name="amount_select">code</field>
        <field name="amount_python_compute">
result = categories.BASIC + categories.ALW + categories.FALW + categories.PAG
        </field>
        <field name="category_id" ref="hr_payroll.GROSS"/>
        <field name="struct_id" ref="gio_structure_monthly"/>
    </record>
    <record id="gio_ahv_iv_eo_c" model="hr.salary.rule">
        <field name="amount_select">fix</field>
        <field name="appears_on_payslip">True</field>
        <field name="code">5010_A</field>
        <field name="condition_select">python</field>
        <field name="condition_python">result = contract.gio_name.gio_ahv > 0</field>
        <field name="name">AHV/IV/EO</field>
        <field name="sequence" eval="111"/>
        <field name="amount_select">code</field>
        <field name="amount_python_compute">
result = -((categories.BASIC + categories.ALW + categories.PAG) /100 * contract.gio_name.gio_ahv)
        </field>
        <field name="category_id" ref="hr_payroll.DED"/>
        <field name="struct_id" ref="gio_structure_monthly"/>
    </record>
    <record id="gio_ahv_iv_eo_an_ag" model="hr.salary.rule">
        <field name="amount_select">fix</field>
        <field name="appears_on_payslip">False</field>
        <field name="code">5010_B</field>
        <field name="condition_select">python</field>
        <field name="condition_python">result = contract.gio_name.gio_ahv_ag > 0</field>
        <field name="name">AHV/IV/EO AN und AG</field>
        <field name="sequence" eval="112"/>
        <field name="amount_select">code</field>
        <field name="amount_python_compute">
result = 2 * round(((categories.BASIC + categories.ALW + categories.PAG) /100 * contract.gio_name.gio_ahv_ag), 2)
        </field>
        <field name="category_id" ref="hr_payroll.COMP"/>
        <field name="struct_id" ref="gio_structure_monthly"/>
    </record>
    <record id="gio_alv_a" model="hr.salary.rule">
        <field name="amount_select">fix</field>
        <field name="appears_on_payslip">True</field>
        <field name="code">5020_A</field>
        <field name="condition_select">python</field>
        <field name="condition_python">result = contract.gio_name.gio_alv > 0</field>
        <field name="name">ALV</field>
        <field name="sequence" eval="121"/>
        <field name="amount_select">code</field>
        <field name="amount_python_compute">
if categories.BASIC + categories.ALW + categories.PAG > contract.gio_name.gio_wage_limit:
    result =  -((contract.gio_name.gio_wage_limit) /100 * contract.gio_name.gio_alv)
else:
    result = -((categories.BASIC + categories.ALW + categories.PAG) /100 * contract.gio_name.gio_alv)
        </field>
        <field name="category_id" ref="hr_payroll.DED"/>
        <field name="struct_id" ref="gio_structure_monthly"/>
    </record>
    <record id="gio_alv_b" model="hr.salary.rule">
        <field name="amount_select">fix</field>
        <field name="appears_on_payslip">False</field>
        <field name="code">5020_B</field>
        <field name="condition_select">python</field>
        <field name="condition_python">result = contract.gio_name.gio_alv_ag > 0</field>
        <field name="name">ALV AN und AG</field>
        <field name="sequence" eval="123"/>
        <field name="amount_select">code</field>
        <field name="amount_python_compute">
if categories.BASIC + categories.ALW + categories.PAG > contract.gio_name.gio_wage_limit:
    result =  2 * round(((contract.gio_name.gio_wage_limit) /100 * contract.gio_name.gio_alv), 2)
else:
    result = 2 * round(((categories.BASIC + categories.ALW + categories.PAG) /100 * contract.gio_name.gio_alv), 2)
        </field>
        <field name="category_id" ref="hr_payroll.COMP"/>
        <field name="struct_id" ref="gio_structure_monthly"/>
    </record>
    <record id="gio_alv_c" model="hr.salary.rule">
        <field name="amount_select">fix</field>
        <field name="appears_on_payslip">True</field>
        <field name="code">5021_A</field>
        <field name="condition_select">python</field>
        <field name="condition_python">result = categories.BASIC + categories.ALW + categories.PAG > contract.gio_name.gio_wage_limit</field>
        <field name="name">ALV 2</field>
        <field name="sequence" eval="125"/>
        <field name="amount_select">code</field>
        <field name="amount_python_compute">
result = -(((categories.BASIC + categories.ALW + categories.PAG) - contract.gio_name.gio_wage_limit) /100 * contract.gio_name.gio_alv2)
        </field>
        <field name="category_id" ref="hr_payroll.DED"/>
        <field name="struct_id" ref="gio_structure_monthly"/>
    </record>
    <record id="gio_alv_d" model="hr.salary.rule">
        <field name="amount_select">fix</field>
        <field name="appears_on_payslip">False</field>
        <field name="code">5021_B</field>
        <field name="condition_select">python</field>
        <field name="condition_python">result = categories.BASIC + categories.ALW + categories.PAG > contract.gio_name.gio_wage_limit</field>
        <field name="name">ALV 2 AN und AG</field>
        <field name="sequence" eval="126"/>
        <field name="amount_select">code</field>
        <field name="amount_python_compute">
result = 2 * (round(((((categories.BASIC + categories.ALW + categories.PAG)  - contract.gio_name.gio_wage_limit)  / 100 ) * contract.gio_name.gio_alv2_ag), 2))
        </field>
        <field name="category_id" ref="hr_payroll.COMP"/>
        <field name="struct_id" ref="gio_structure_monthly"/>
    </record>
    <record id="gio_bvg_employee" model="hr.salary.rule">
        <field name="amount_select">code</field>
        <field name="appears_on_payslip">True</field>
        <field name="code">5050_A</field>
        <field name="condition_select">python</field>
        <field name="condition_python">result = (contract.gio_bvg_amount or contract.gio_bvg_rate) > 0</field>
        <field name="name">BVG AN</field>
        <field name="amount_python_compute">
if contract.gio_bvg_rate > 0:
    result = -(categories.BASIC + categories.ALW + categories.PAG / 100 *
    contract.gio_bvg_rate)

if contract.gio_bvg_amount > 0:
    result = -contract.gio_bvg_amount</field>
        <field name="amount_percentage_base">
            -contract.gio_bvg_amount or ((((contract.wage_fulltime*12) - (contract.lpp_contract_id.dc_amount or 0))/12)*(contract.occupation_rate/100)*(payslip.working_rate/100))
        </field>
        <field name="sequence">131</field>
        <field name="category_id" ref="hr_payroll.DED"/>
        <field name="struct_id" ref="gio_structure_monthly"/>
    </record>
    <record id="gio_bvg_company" model="hr.salary.rule">
        <field name="amount_select">code</field>
        <field name="appears_on_payslip">False</field>
        <field name="code">5050_B</field>
        <field name="condition_select">python</field>
        <field name="condition_python">result = (contract.gio_bvg_rate or contract.gio_bvg_amount) > 0</field>
        <field name="name">BVG AG</field>
        <field name="amount_python_compute">
if contract.gio_bvg_rate > 0:
    result = (contract.gio_bvg_rate)*2

if contract.gio_bvg_amount > 0:
    result = (contract.gio_bvg_amount)*2</field>
        <field name="amount_percentage_base">
            -contract.lpp_amount or ((((contract.wage_fulltime*12) - (contract.lpp_contract_id.dc_amount or 0))/12)*(contract.occupation_rate/100)*(payslip.working_rate/100))
        </field>
        <field name="sequence">132</field>
        <field name="category_id" ref="hr_payroll.COMP"/>
        <field name="struct_id" ref="gio_structure_monthly"/>
    </record>
    <record id="gio_nbu" model="hr.salary.rule">
        <field name="amount_select">fix</field>
        <field name="appears_on_payslip">True</field>
        <field name="code">5030_A</field>
        <field name="condition_select">python</field>
        <field name="condition_python">result = contract.gio_name.gio_nbu > 0</field>
        <field name="name">NBU</field>
        <field name="sequence" eval="140"/>
        <field name="amount_select">code</field>
        <field name="amount_python_compute">
if categories.BASIC + categories.ALW + categories.PAG > contract.gio_name.gio_wage_limit:
    result =  -((contract.gio_name.gio_wage_limit) /100 * contract.gio_name.gio_nbu)
else:
    result = -((categories.BASIC + categories.ALW + categories.PAG) /100 * contract.gio_name.gio_nbu)
        </field>
        <field name="category_id" ref="hr_payroll.DED"/>
        <field name="struct_id" ref="gio_structure_monthly"/>
    </record>
    <record id="gio_bu" model="hr.salary.rule">
        <field name="amount_select">fix</field>
        <field name="appears_on_payslip">False</field>
        <field name="code">5030_C</field>
        <field name="condition_select">python</field>
        <field name="condition_python">result = contract.gio_name.gio_bu</field>
        <field name="name">BU</field>
        <field name="sequence" eval="142"/>
        <field name="amount_select">code</field>
        <field name="amount_python_compute">
result = ((categories.BASIC + categories.ALW + categories.PAG) /100 * contract.gio_name.gio_bu)
        </field>
        <field name="category_id" ref="hr_payroll.COMP"/>
        <field name="struct_id" ref="gio_structure_monthly"/>
    </record>
    <record id="gio_uvg_zuschlag" model="hr.salary.rule">
        <field name="amount_select">fix</field>
        <field name="appears_on_payslip">True</field>
        <field name="code">5031_A</field>
        <field name="condition_select">python</field>
        <field name="condition_python">result = contract.gio_name.gio_uvg_supplementary_insurance > 0</field>
        <field name="name">UVG Zuschlag</field>
        <field name="sequence" eval="143"/>
        <field name="amount_select">code</field>
        <field name="amount_python_compute">
if categories.BASIC + categories.ALW + categories.PAG > contract.gio_name.gio_wage_limit:
    result =  -((contract.gio_name.gio_wage_limit) /100 * contract.gio_name.gio_uvg_supplementary_insurance)
else:
    result = -((categories.BASIC + categories.ALW + categories.PAG) /100 * contract.gio_name.gio_uvg_supplementary_insurance)
        </field>
        <field name="category_id" ref="hr_payroll.DED"/>
        <field name="struct_id" ref="gio_structure_monthly"/>
    </record>
    <record id="gio_uvg_zuschlag_an_ag" model="hr.salary.rule">
        <field name="amount_select">fix</field>
        <field name="appears_on_payslip">False</field>
        <field name="code">5031_C</field>
        <field name="condition_select">python</field>
        <field name="condition_python">result = contract.gio_name.gio_uvg_supplementary_insurance_ag > 0</field>
        <field name="name">UVG Zuschlag AN und AG</field>
        <field name="sequence" eval="145"/>
        <field name="amount_select">code</field>
        <field name="amount_python_compute">
if categories.BASIC + categories.ALW + categories.PAG > contract.gio_name.gio_wage_limit:
    result =  2 * round(((contract.gio_name.gio_wage_limit) /100 * contract.gio_name.gio_uvg_supplementary_insurance_ag), 2)
else:
    result = 2 * round(((categories.BASIC + categories.ALW + categories.PAG) /100 * contract.gio_name.gio_uvg_supplementary_insurance_ag), 2)
        </field>
        <field name="category_id" ref="hr_payroll.COMP"/>
        <field name="struct_id" ref="gio_structure_monthly"/>
    </record>
    <record id="gio_uvg_zuschlag2" model="hr.salary.rule">
        <field name="amount_select">fix</field>
        <field name="appears_on_payslip">True</field>
        <field name="code">5032_A</field>
        <field name="condition_select">python</field>
        <field name="condition_python">result = categories.BASIC + categories.ALW + categories.PAG > contract.gio_name.gio_wage_limit</field>
        <field name="name">UVG Zuschlag 2</field>
        <field name="sequence" eval="147"/>
        <field name="amount_select">code</field>
        <field name="amount_python_compute">
result = -(((categories.BASIC + categories.ALW + categories.PAG) - contract.gio_name.gio_wage_limit) /100 ) * contract.gio_name.gio_uvg_supplementary_insurance2
        </field>
        <field name="category_id" ref="hr_payroll.DED"/>
        <field name="struct_id" ref="gio_structure_monthly"/>
    </record>
    <record id="gio_uvg_zuschlag2_an_ag" model="hr.salary.rule">
        <field name="amount_select">fix</field>
        <field name="appears_on_payslip">False</field>
        <field name="code">5032_B</field>
        <field name="condition_select">python</field>
        <field name="condition_python">result = categories.BASIC + categories.ALW + categories.PAG > contract.gio_name.gio_wage_limit</field>
        <field name="name">UVG Zuschlag 2 AN und AG</field>
        <field name="sequence" eval="148"/>
        <field name="amount_select">code</field>
        <field name="amount_python_compute">
result = 2 * round(((((categories.BASIC + categories.ALW + categories.PAG) - contract.gio_name.gio_wage_limit) /100 ) * contract.gio_name.gio_uvg_supplementary_insurance_ag2), 2)
        </field>
        <field name="category_id" ref="hr_payroll.COMP"/>
        <field name="struct_id" ref="gio_structure_monthly"/>
    </record>
    <record id="gio_ktg_w" model="hr.salary.rule">
        <field name="amount_select">fix</field>
        <field name="appears_on_payslip">True</field>
        <field name="code">5040_A</field>
        <field name="condition_select">python</field>
        <field name="condition_python">result = contract.employee_id.gender == 'female'</field>
        <field name="name">KTG w</field>
        <field name="sequence" eval="151"/>
        <field name="amount_select">code</field>
        <field name="amount_python_compute">
result = -((categories.BASIC + categories.ALW + categories.PAG) /100 * contract.gio_name.gio_ktgf)
        </field>
        <field name="category_id" ref="hr_payroll.DED"/>
        <field name="struct_id" ref="gio_structure_monthly"/>
    </record>
    <record id="gio_ktg_w_an_ag" model="hr.salary.rule">
        <field name="amount_select">fix</field>
        <field name="appears_on_payslip">False</field>
        <field name="code">5040_B</field>
        <field name="condition_select">python</field>
        <field name="condition_python">result = contract.employee_id.gender == 'female'</field>
        <field name="name">KTG w AN und AG</field>
        <field name="sequence" eval="152"/>
        <field name="amount_select">code</field>
        <field name="amount_python_compute">
result = 2 * round(((categories.BASIC + categories.ALW + categories.PAG) /100 * contract.gio_name.gio_ktgf_ag), 2)
        </field>
        <field name="category_id" ref="hr_payroll.COMP"/>
        <field name="struct_id" ref="gio_structure_monthly"/>
    </record>
    <record id="gio_ktg_m_an_ag" model="hr.salary.rule">
        <field name="amount_select">fix</field>
        <field name="appears_on_payslip">False</field>
        <field name="code">5040_B2</field>
        <field name="condition_select">python</field>
        <field name="condition_python">result = contract.employee_id.gender == 'male'</field>
        <field name="name">KTG m AN und AG</field>
        <field name="sequence" eval="154"/>
        <field name="amount_select">code</field>
        <field name="amount_python_compute">
result = 2 * round(((categories.BASIC + categories.ALW + categories.PAG) /100 * contract.gio_name.gio_ktgm_ag), 2)
        </field>
        <field name="category_id" ref="hr_payroll.COMP"/>
        <field name="struct_id" ref="gio_structure_monthly"/>
    </record>
    <record id="gio_ktg_m" model="hr.salary.rule">
        <field name="amount_select">fix</field>
        <field name="appears_on_payslip">True</field>
        <field name="code">5040_A2</field>
        <field name="condition_select">python</field>
        <field name="condition_python">result = contract.employee_id.gender == 'male'</field>
        <field name="name">KTG m</field>
        <field name="sequence" eval="153"/>
        <field name="amount_select">code</field>
        <field name="amount_python_compute">
result = -((categories.BASIC + categories.ALW + categories.PAG) /100 * contract.gio_name.gio_ktgm)
        </field>
        <field name="category_id" ref="hr_payroll.DED"/>
        <field name="struct_id" ref="gio_structure_monthly"/>
    </record>
    <record id="gio_quellensteuer" model="hr.salary.rule">
        <field name="amount_select">fix</field>
        <field name="appears_on_payslip">True</field>
        <field name="code">2279</field>
        <field name="condition_select">python</field>
        <field name="condition_python">result = contract.employee_id.country_id != 'Schweiz'</field>
        <field name="name">Quellensteuer</field>
        <field name="sequence" eval="190"/>
        <field name="amount_select">code</field>
        <field name="amount_python_compute">
if contract.gio_wage_type == 'hourly':
    result = -((((categories.BASIC + categories.ALW + categories.PAG) /10) * contract.gio_sourcetax) * payslip.gio_worked_hours)
else:
    result = -((categories.BASIC + categories.ALW + categories.PAG) * contract.gio_sourcetax)
        </field>
        <field name="category_id" ref="hr_payroll.DED"/>
        <field name="struct_id" ref="gio_structure_monthly"/>
    </record>
    <record id="gio_grenzgaengersteuer" model="hr.salary.rule">
        <field name="amount_select">fix</field>
        <field name="appears_on_payslip">True</field>
        <field name="code">2279B</field>
        <field name="condition_select">python</field>
        <field name="condition_python">result = contract.employee_id.country_id != 'Schweiz'</field>
        <field name="name">Grenzgängersteuer</field>
        <field name="sequence" eval="191"/>
        <field name="amount_select">code</field>
        <field name="amount_python_compute">
result = -contract.gio_crossborder
        </field>
        <field name="category_id" ref="hr_payroll.DED"/>
        <field name="struct_id" ref="gio_structure_monthly"/>
    </record>
    <record id="gio_vorschuss" model="hr.salary.rule">
        <field name="amount_select">fix</field>
        <field name="appears_on_payslip">True</field>
        <field name="code">5000C</field>
        <field name="condition_select">python</field>
        <field name="condition_python">result = contract.gio_advance > 0</field>
        <field name="name">Vorschuss</field>
        <field name="sequence" eval="197"/>
        <field name="amount_select">code</field>
        <field name="amount_python_compute">
result = -contract.gio_advance
        </field>
        <field name="category_id" ref="hr_payroll.ALW"/>
        <field name="struct_id" ref="gio_structure_monthly"/>
    </record>
    <record id="gio_repraesentationskosten" model="hr.salary.rule">
        <field name="amount_select">fix</field>
        <field name="appears_on_payslip">True</field>
        <field name="code">5820</field>
        <field name="condition_select">python</field>
        <field name="condition_python">result = contract.gio_representation_charges > 0</field>
        <field name="name">Repräsentationskosten</field>
        <field name="sequence" eval="198"/>
        <field name="amount_select">code</field>
        <field name="amount_python_compute">
result = contract.gio_representation_charges
        </field>
        <field name="category_id" ref="hr_payroll_FALW"/>
        <field name="struct_id" ref="gio_structure_monthly"/>
    </record>
    <record id="gio_betreibungsamt" model="hr.salary.rule">
        <field name="amount_select">fix</field>
        <field name="appears_on_payslip">True</field>
        <field name="code">BA</field>
        <field name="condition_select">python</field>
        <field name="condition_python">result = contract.gio_enforcement_office > 0</field>
        <field name="name">Betreibungsamt</field>
        <field name="sequence" eval="199"/>
        <field name="amount_select">code</field>
        <field name="amount_python_compute">
result = -contract.gio_enforcement_office
        </field>
        <field name="category_id" ref="hr_payroll.DED"/>
        <field name="struct_id" ref="gio_structure_monthly"/>
    </record>
    <record id="gio_net_ch" model="hr.salary.rule">
        <field name="amount_select">fix</field>
        <field name="appears_on_payslip">True</field>
        <field name="code">NET</field>
        <field name="condition_select">none</field>
        <field name="name">Nettolohn</field>
        <field name="sequence" eval="200"/>
        <field name="amount_select">code</field>
        <field name="amount_python_compute">
result = categories.BASIC + categories.ALW + categories.DED + categories.FALW + categories.PAG
        </field>
        <field name="category_id" ref="hr_payroll.NET"/>
        <field name="struct_id" ref="gio_structure_monthly"/>
    </record>
    <record id="gio_verwaltungskosten" model="hr.salary.rule">
        <field name="amount_select">fix</field>
        <field name="appears_on_payslip">False</field>
        <field name="code">2170B</field>
        <field name="condition_select">none</field>
        <field name="name">Verwaltungskosten</field>
        <field name="sequence" eval="211"/>
        <field name="amount_select">code</field>
        <field name="amount_python_compute">
result = (round(((categories.BASIC + categories.ALW + categories.PAG)/100 * contract.gio_name.gio_ahv_ag), 2)*2)/100 * contract.gio_name.gio_vwk
        </field>
        <field name="category_id" ref="hr_payroll_COSTS"/>
        <field name="struct_id" ref="gio_structure_monthly"/>
    </record>
    <record id="gio_familienausgleichskasse" model="hr.salary.rule">
        <field name="amount_select">fix</field>
        <field name="appears_on_payslip">False</field>
        <field name="code">2170A</field>
        <field name="condition_select">python</field>
        <field name="condition_python">result = contract.gio_name.gio_fak</field>
        <field name="name">Familienausgleichskasse</field>
        <field name="sequence" eval="210"/>
        <field name="amount_select">code</field>
        <field name="amount_python_compute">
result = ((categories.BASIC + categories.ALW + categories.PAG) / 100) * contract.gio_name.gio_fak
        </field>
        <field name="category_id" ref="hr_payroll.COMP"/>
        <field name="struct_id" ref="gio_structure_monthly"/>
    </record>
    <record id="gio_ferienentschaedigung" model="hr.salary.rule">
        <field name="amount_select">fix</field>
        <field name="appears_on_payslip">True</field>
        <field name="code">5001</field>
        <field name="condition_select">python</field>
        <field name="condition_python">result = contract.gio_holiday_rate > 0</field>
        <field name="name">Ferienentschädigung</field>
        <field name="sequence" eval="21"/>
        <field name="amount_select">code</field>
        <field name="amount_python_compute">
result = (((contract.gio_wage_hourly) * contract.gio_holiday_rate) * payslip.gio_worked_hours)
        </field>
        <field name="category_id" ref="hr_payroll.ALW"/>
        <field name="struct_id" ref="gio_structure_monthly"/>
    </record>
    <record id="gio_feiertagszuschlag" model="hr.salary.rule">
        <field name="amount_select">fix</field>
        <field name="appears_on_payslip">True</field>
        <field name="code">5001B</field>
        <field name="condition_select">python</field>
        <field name="condition_python">result = contract.gio_holiday_surcharge > 0</field>
        <field name="name">Feiertagszuschlag</field>
        <field name="sequence" eval="22"/>
        <field name="amount_select">code</field>
        <field name="amount_python_compute">
result = (((contract.gio_wage_hourly) * contract.gio_holiday_surcharge) * payslip.gio_worked_hours)
        </field>
        <field name="category_id" ref="hr_payroll.ALW"/>
        <field name="struct_id" ref="gio_structure_monthly"/>
    </record>
    </data>
</odoo>